Neighborhood,Area,Walk_Score_Link,HomeAway_Link,Zillow,Zillow_Links
Central Park South,Midtown,https://www.walkscore.com/NY/New_York/Theater_District,https://www.homeaway.com/results/new-york/central-park-south/region:27272/page:1,http://www.zillow.com/homes/Central-Park-S-Central-Park-New-York-NY-10019_rb/,http://www.zillow.com/Central-Park-S-Central-Park-New-York-NY-10019/rentals/
Tribeca,Tribeca,https://www.walkscore.com/NY/New_York/Tribeca,https://www.homeaway.com/results/new-york/tribeca/region:6237/page:1,http://www.zillow.com/homes/Tribeca-New-York-NY_rb/,http://www.zillow.com/Tribeca-New-York-NY/rentals/
Nolita,SoHo,https://www.walkscore.com/NY/New_York/NoLita,https://www.homeaway.com/results/new-york/nolita/region:22548/page:1,http://www.zillow.com/homes/SoHo-New-York-NY_rb/,http://www.zillow.com/SoHo-New-York-NY/rentals/
SoHo,SoHo,https://www.walkscore.com/NY/New_York/SoHo,https://www.homeaway.com/results/new-york/soho/region:22550/page:1,http://www.zillow.com/homes/SoHo-New-York-NY_rb/,http://www.zillow.com/SoHo-New-York-NY/rentals/
Flatiron,Flatiron,https://www.walkscore.com/NY/New_York/Flatiron_District,https://www.homeaway.com/results/new-york/soho/region:22550/page:1,http://www.zillow.com/homes/Flatiron-District-New-York-NY_rb/,http://www.zillow.com/Flatiron-District-New-York-NY/rentals/
West Village,West Village,https://www.walkscore.com/NY/New_York/West_Village,https://www.homeaway.com/results/new-york/west-village/region:26015/page:1,http://www.zillow.com/homes/West-Village-New-York-NY_rb/,http://www.zillow.com/West-Village-New-York-NY/rentals/
West Chelsea,Chelsea,https://www.walkscore.com/NY/New_York/Chelsea,https://www.homeaway.com/results/new-york/chelsea/region:5234/page:1,http://www.zillow.com/homes/Chelsea-New-York-NY_rb/,http://www.zillow.com/Chelsea-New-York-NY/rentals/
Midtown,Midtown,https://www.walkscore.com/NY/New_York/Theater_District,https://www.homeaway.com/results/new-york/midtown-manhattan/region:5779/page:1,http://www.zillow.com/homes/Midtown-New-York-NY_rb/,http://www.zillow.com/Midtown-New-York-NY/rentals/
Chelsea,Chelsea,https://www.walkscore.com/NY/New_York/Chelsea,https://www.homeaway.com/results/new-york/chelsea/region:5234/page:1,http://www.zillow.com/homes/Chelsea-New-York-NY_rb/,http://www.zillow.com/Chelsea-New-York-NY/rentals/
Greenwich Village,Greenwich Village,https://www.walkscore.com/NY/New_York/Greenwich_Village,https://www.homeaway.com/results/new-york/greenwich-village/region:5470/page:1,http://www.zillow.com/homes/Greenwich-Village-New-York-NY_rb/,http://www.zillow.com/Greenwich-Village-New-York-NY/rentals/
Lincoln Square,Upper West Side,https://www.walkscore.com/NY/New_York/Upper_West_Side,https://www.homeaway.com/results/new-york/upper-west-side/region:22559/page:1,http://www.zillow.com/homes/Upper-West-Side-New-York-NY_rb/,http://www.zillow.com/Upper-West-Side-New-York-NY/rentals/
Midtown West,Midtown,https://www.walkscore.com/NY/New_York/Hell%27s_Kitchen,https://www.homeaway.com/results/new-york/midtown-manhattan/region:5779/page:1,http://www.zillow.com/homes/Midtown-New-York-NY_rb/,http://www.zillow.com/Midtown-New-York-NY/rentals/
Lenox Hill,Upper East Side,https://www.walkscore.com/NY/New_York/Upper_East_Side,https://www.homeaway.com/results/new-york/upper-east-side/region:22558/page:1,http://www.zillow.com/homes/Upper-East-Side-New-York-NY_rb/,http://www.zillow.com/Upper-East-Side-New-York-NY/rentals/
Carnegie Hill,Upper East Side,https://www.walkscore.com/NY/New_York/Upper_East_Side,https://www.homeaway.com/results/new-york/upper-east-side/region:22558/page:1,http://www.zillow.com/homes/Upper-East-Side-New-York-NY_rb/,http://www.zillow.com/Upper-East-Side-New-York-NY/rentals/
Battery Park City,Financial District,https://www.walkscore.com/NY/New_York/Financial_District,https://www.homeaway.com/results/new-york/financial-district/region:22538/page:1,http://www.zillow.com/homes/Battery-Park-New-York-NY_rb/,http://www.zillow.com/Battery-Park-New-York-NY/rentals/
Upper Carnegie Hill,Upper East Side,https://www.walkscore.com/NY/New_York/Upper_East_Side,https://www.homeaway.com/results/new-york/upper-east-side/region:22558/page:1,http://www.zillow.com/homes/Upper-East-Side-New-York-NY_rb/,http://www.zillow.com/Upper-East-Side-New-York-NY/rentals/
Upper West Side,Upper West Side,https://www.walkscore.com/NY/New_York/Upper_West_Side,https://www.homeaway.com/results/new-york/upper-west-side/region:22559/page:1,http://www.zillow.com/homes/Upper-West-Side-New-York-NY_rb/,http://www.zillow.com/Upper-West-Side-New-York-NY/rentals/
Dumbo,Dumbo,https://www.walkscore.com/NY/New_York/DUMBO,https://www.homeaway.com/results/new-york/brooklyn/region:5166/page:1,http://www.zillow.com/homes/DUMBO-New-York-NY_rb/,http://www.zillow.com/DUMBO-New-York-NY/rentals/
Financial District,Financial District,https://www.walkscore.com/NY/New_York/Financial_District,https://www.homeaway.com/results/new-york/financial-district/region:22538/page:1,http://www.zillow.com/homes/Financial-District-New-York-NY_rb/,http://www.zillow.com/Financial-District-New-York-NY/rentals/
Gramercy Park,Gramercy Park,https://www.walkscore.com/NY/New_York/Gramercy_Park,https://www.homeaway.com/results/new-york/gramercy-park/region:22540/page:1,http://www.zillow.com/homes/Gramercy-New-York-NY_rb/,http://www.zillow.com/Gramercy-New-York-NY/rentals/
East Village,East Village,https://www.walkscore.com/NY/New_York/East_Village,https://www.homeaway.com/results/new-york/east-village/region:24290/page:1,http://www.zillow.com/homes/East-Village-New-York-NY_rb/,http://www.zillow.com/East-Village-New-York-NY/rentals/
Midtown South,Midtown,https://www.walkscore.com/NY/New_York/Murray_Hill,https://www.homeaway.com/results/new-york/midtown-manhattan/region:5779/page:1,http://www.zillow.com/homes/Midtown-New-York-NY_rb/,http://www.zillow.com/Midtown-New-York-NY/rentals/
Upper East Side,Upper East Side,https://www.walkscore.com/NY/New_York/Upper_East_Side,https://www.homeaway.com/results/new-york/upper-east-side/region:22558/page:1,http://www.zillow.com/homes/Upper-East-Side-New-York-NY_rb/,http://www.zillow.com/Upper-East-Side-New-York-NY/rentals/
Turtle Bay,Turtle Bay,https://www.walkscore.com/NY/New_York/Murray_Hill,https://www.homeaway.com/results/new-york/east-village/region:24290/page:1,http://www.zillow.com/homes/Turtle-Bay-New-York-NY_rb/,http://www.zillow.com/Turtle-Bay-New-York-NY/rentals/
Boerum Hill,Boerum Hill,https://www.walkscore.com/NY/New_York/Boerum_Hill,https://www.homeaway.com/results/new-york/brooklyn/region:5166/page:1,http://www.zillow.com/homes/Boerum-Hill-New-York-NY_rb/,http://www.zillow.com/Boerum-Hill-New-York-NY/rentals/
Williamsburg,Williamsburg,https://www.walkscore.com/NY/New_York/Williamsburg,https://www.homeaway.com/results/refined/keywords:Williamsburg%2C+Brooklyn%2C+NY%2C+USA/page:1,http://www.zillow.com/homes/Williamsburg-New-York-NY_rb/,http://www.zillow.com/Williamsburg-New-York-NY/rentals/
Carroll Gardens,Brooklyn,https://www.walkscore.com/NY/New_York/Carroll_Gardens,https://www.homeaway.com/results/new-york/brooklyn/region:5166/page:1,http://www.zillow.com/homes/Carroll-Gardens-New-York-NY_rb/,http://www.zillow.com/Carroll-Gardens-New-York-NY/rentals/
Murray Hill,Murray Hill,https://www.walkscore.com/NY/New_York/Murray_Hill,https://www.homeaway.com/results/new-york/murray-hill/region:22546/page:1,http://www.zillow.com/homes/Midtown-New-York-NY_rb/,http://www.zillow.com/Midtown-New-York-NY/rentals/
Midtown East,Midtown East,https://www.walkscore.com/NY/New_York/Midtown_East,https://www.homeaway.com/results/new-york/turtle-bay/region:22556/page:1,http://www.zillow.com/homes/Midtown-New-York-NY_rb/,http://www.zillow.com/Midtown-New-York-NY/rentals/
Brooklyn Heights,Brooklyn,https://www.walkscore.com/NY/New_York/Brooklyn_Heights,https://www.homeaway.com/results/new-york/brooklyn/region:5166/page:1,http://www.zillow.com/homes/Brooklyn-Heights-New-York-NY_rb/,http://www.zillow.com/Brooklyn-Heights-New-York-NY/rentals/
Park Slope,Brooklyn,https://www.walkscore.com/NY/New_York/Park_Slope,https://www.homeaway.com/results/new-york/brooklyn/region:5166/page:1,http://www.zillow.com/homes/Park-Slope-New-York-NY_rb/,http://www.zillow.com/Park-Slope-New-York-NY/rentals/
Lower East Side,Lower East Side,https://www.walkscore.com/NY/New_York/Lower_East_Side,https://www.homeaway.com/results/new-york/lower-east-side/region:22543/page:1,http://www.zillow.com/homes/Lower-East-Side-New-York-NY_rb/,http://www.zillow.com/Lower-East-Side-New-York-NY/rentals/
Greenpoint,Williamsburg,https://www.walkscore.com/NY/New_York/Greenpoint,https://www.homeaway.com/results/refined/keywords:Williamsburg%2C+Brooklyn%2C+NY%2C+USA/page:1,http://www.zillow.com/homes/Greenpoint-New-York-NY_rb/,http://www.zillow.com/Greenpoint-New-York-NY/rentals/
Prospect Heights,Brooklyn,https://www.walkscore.com/NY/New_York/Prospect_Heights,https://www.homeaway.com/results/new-york/brooklyn/region:5166/page:1,http://www.zillow.com/homes/Prospect-Heights-New-York-NY_rb/,http://www.zillow.com/Prospect-Heights-New-York-NY/rentals/
Sutton Place,Midtown,https://www.walkscore.com/NY/New_York/Midtown_East,https://www.homeaway.com/results/new-york/sutton-place/region:22552/page:1,http://www.zillow.com/homes/Sutton-Place-New-York-NY_rb/,http://www.zillow.com/Sutton-Place-New-York-NY/rentals/
Kips Bay,Midtown,https://www.walkscore.com/NY/New_York/Kips_Bay,https://www.homeaway.com/results/new-york/turtle-bay/region:22556/page:1,http://www.zillow.com/homes/Midtown-New-York-NY_rb/,http://www.zillow.com/Midtown-New-York-NY/rentals/
Crown Heights,Brooklyn,https://www.walkscore.com/NY/New_York/Crown_Heights,https://www.homeaway.com/results/new-york/brooklyn/region:5166/page:1,http://www.zillow.com/homes/Crown-Heights-New-York-NY_rb/,http://www.zillow.com/Crown-Heights-New-York-NY/rentals/
Bushwick,Brooklyn,https://www.walkscore.com/NY/New_York/Bushwick,https://www.homeaway.com/results/new-york/brooklyn/region:5166/page:1,http://www.zillow.com/homes/Bushwick-New-York-NY_rb/,http://www.zillow.com/Bushwick-New-York-NY/rentals/
Bedford-Stuyvesant,Brooklyn,https://www.walkscore.com/NY/New_York/Bedford-Stuyvesant,https://www.homeaway.com/results/new-york/brooklyn/region:5166/page:1,http://www.zillow.com/homes/Bedford-Stuyvesant-New-York-NY_rb/,http://www.zillow.com/Bedford-Stuyvesant-New-York-NY/rentals/